Workbook

Sheet S3A
B1: Classes | C1: 400 | D1: 412.5 | E1: 442.5 | F1: 490 | G1: 510 | H1: 560 | I1: 620 | J1: 665 | K1: 673.5 | L1: 681.25 | M1: 708.75 | N1: 753.75 | O1: 761.25 | P1: 764.375 | Q1: 767.5 | R1: 778.75 | S1: 865 | T1: 885 | U1: 900
A2: Billings_07_21_Ponto_V08 | B2: Classe 1 | C2: 0.0038181182 | D2: 0.0037582568 | E2: 0.0038440027 | F2: 0.0057221679 | G2: 0.0070702739 | H2: 0.012514746 | I2: 0.0072864439 | J2: 0.0058232142 | K2: 0.0052196731 | L2: 0.0052505053 | M2: 0.0053501009 | N2: 0.0015329004 | O2: 0.0015898091 | P2: 0.0015435433 | Q2: 0.0014804525 | R2: 0.0015006116 | S2: 0.00081305273 | T2: 0.00070243411 | U2: 0.00063752157
A3: Billings_08_21_Ponto_19 | B3: Classe 1 | C3: 0.0048492574 | D3: 0.0047727184 | E3: 0.004759495 | F3: 0.0054892452 | G3: 0.0065763429 | H3: 0.011121761 | I3: 0.0060116134 | J3: 0.0036118553 | K3: 0.0033534954 | L3: 0.0034735913 | M3: 0.0030929395 | N3: 0.001006311 | O3: 0.0010193658 | P3: 0.0009843923 | Q3: 0.00094805384 | R3: 0.00094252446 | S3: 0.00054030889 | T3: 0.0004757093 | U3: 0.00043619795
A4: Billings_09_21_Ponto_01 | B4: Classe 1 | C4: 0.0023041534 | D4: 0.0023669128 | E4: 0.0027250095 | F4: 0.0035677366 | G4: 0.0041157804 | H4: 0.0056851733 | I4: 0.0035537201 | J4: 0.0026010221 | K4: 0.0024785616 | L4: 0.0024728041 | M4: 0.0018045455 | N4: 0.00066518657 | O4: 0.00069290307 | P4: 0.00067172817 | Q4: 0.00064585248 | R4: 0.00063934335 | S4: 0.0003786938 | T4: 0.00032834939 | U4: 0.00029631454
A5: Billings_07_21_Ponto_T4P2 | B5: Classe 1 | C5: 0.003946793 | D5: 0.0038944026 | E5: 0.003983257 | F5: 0.005285959 | G5: 0.0061782622 | H5: 0.0095279718 | I5: 0.0061510554 | J5: 0.005118663 | K5: 0.0047208052 | L5: 0.0047921173 | M5: 0.004703195 | N5: 0.0017343014 | O5: 0.0017944415 | P5: 0.001743859 | Q5: 0.0016804055 | R5: 0.0016958099 | S5: 0.0010911933 | T5: 0.00098170754 | U5: 0.00090429908
A6: Billings_10_21_Ponto_01 | B6: Classe 1 | C6: 0.002064807 | D6: 0.0020859458 | E6: 0.0023442548 | F6: 0.0030611227 | G6: 0.0035155743 | H6: 0.0056152958 | I6: 0.0035648282 | J6: 0.0025421078 | K6: 0.0024164809 | L6: 0.0025248738 | M6: 0.0026161707 | N6: 0.00072532998 | O6: 0.00074725772 | P6: 0.0007290082 | Q6: 0.00070323217 | R6: 0.00071310602 | S6: 0.00038244962 | T6: 0.00032809841 | U6: 0.0002956953
A7: Promissao_10_2021_Ponto_P09 | B7: Classe 1 | C7: 0.00098182935 | D7: 0.0010752666 | E7: 0.0016568823 | F7: 0.0039106874 | G7: 0.0051945112 | H7: 0.0095720512 | I7: 0.005036933 | J7: 0.0046787311 | K7: 0.0042485713 | L7: 0.0042968524 | M7: 0.0051766889 | N7: 0.0025828956 | O7: 0.0025465336 | P7: 0.0025133566 | Q7: 0.0025156706 | R7: 0.0027118009 | S7: 0.0022751436 | T7: 0.0020840665 | U7: 0.0016409243
A8: Billings_07_21_Ponto_T5P2 | B8: Classe 1 | C8: 0.0038201427 | D8: 0.0037305813 | E8: 0.003756957 | F8: 0.0054898311 | G8: 0.006748622 | H8: 0.011955259 | I8: 0.006979667 | J8: 0.0055528644 | K8: 0.0049719215 | L8: 0.0050492704 | M8: 0.0054643043 | N8: 0.0015132526 | O8: 0.0015619911 | P8: 0.0015134944 | Q8: 0.0014543386 | R8: 0.0014706664 | S8: 0.00072875375 | T8: 0.00060013749 | U8: 0.00053718367
A9: Billings_07_21_Ponto_T6P1 | B9: Classe 1 | C9: 0.0047515765 | D9: 0.0046692217 | E9: 0.0046739418 | F9: 0.0062495424 | G9: 0.0074115044 | H9: 0.012376919 | I9: 0.0075331879 | J9: 0.0061652184 | K9: 0.0055898454 | L9: 0.0056055355 | M9: 0.0057797766 | N9: 0.0022845541 | O9: 0.0024142363 | P9: 0.002353571 | Q9: 0.0022503911 | R9: 0.002247872 | S9: 0.0015684412 | T9: 0.001446447 | U9: 0.0013981986
A10: Billings_07_21_Ponto_12 | B10: Classe 1 | C10: 0.0021901274 | D10: 0.0021817257 | E10: 0.0026148642 | F10: 0.0046100098 | G10: 0.0059480235 | H10: 0.010644707 | I10: 0.0060457655 | J10: 0.0050863743 | K10: 0.0044125497 | L10: 0.0045379398 | M10: 0.0067712651 | N10: 0.0023988874 | O10: 0.0024751301 | P10: 0.0024147964 | Q10: 0.0023382433 | R10: 0.0023927878 | S10: 0.0012282704 | T10: 0.0010040993 | U10: 0.00089339157
A11: Billings_09_21_Ponto_06 | B11: Classe 1 | C11: 0.0024237781 | D11: 0.0024899515 | E11: 0.002814855 | F11: 0.0034674726 | G11: 0.003931656 | H11: 0.0058923582 | I11: 0.0044999579 | J11: 0.0033766174 | K11: 0.0032008138 | L11: 0.0032038366 | M11: 0.0026398243 | N11: 0.00089453748 | O11: 0.00092788101 | P11: 0.00090436795 | Q11: 0.00087122926 | R11: 0.00087351305 | S11: 0.0004946305 | T11: 0.00042730898 | U11: 0.00038209832
A12: Billings_09_21_Ponto_19 | B12: Classe 1 | C12: 0.0028208348 | D12: 0.0028936846 | E12: 0.0032090171 | F12: 0.0038730072 | G12: 0.0043551155 | H12: 0.0068757743 | I12: 0.0055205939 | J12: 0.0038084405 | K12: 0.0036184335 | L12: 0.0038493338 | M12: 0.0055400213 | N12: 0.0018744573 | O12: 0.0019692801 | P12: 0.0019177877 | Q12: 0.0018389767 | R12: 0.0018469371 | S12: 0.0011536951 | T12: 0.0010337696 | U12: 0.00098000735
A13: Billings_08_21_Ponto_10 | B13: Classe 1 | C13: 0.0058176067 | D13: 0.0056298466 | E13: 0.0055613367 | F13: 0.0071364488 | G13: 0.0082941109 | H13: 0.013002828 | I13: 0.0078795049 | J13: 0.0063783652 | K13: 0.0057593641 | L13: 0.0058226014 | M13: 0.0063480182 | N13: 0.0021660358 | O13: 0.0022024562 | P13: 0.0021442258 | Q13: 0.0020790206 | R13: 0.0021000968 | S13: 0.0011669704 | T13: 0.0010053638 | U13: 0.00091331698
... A154: Billings_12_21_Ponto_12 | B154: Classe 2 | C154: 0.0077296452 | D154: 0.0062088978 | E154: 0.0045470888 | F154: 0.0094228301 | G154: 0.013883607 | H154: 0.030060308 | I154: 0.010674659 | J154: 0.0094582209 | K154: 0.0071051643 | L154: 0.007765174 | M154: 0.050463622 | N154: 0.061494477 | O154: 0.063972027 | P154: 0.06309063 | Q154: 0.061774578 | R154: 0.062923945 | S154: 0.043517351 | T154: 0.039110791 | U154: 0.036621739

Sheet ref
B1: Classes | C1: 400 | D1: 412.5 | E1: 442.5 | F1: 490 | G1: 510 | H1: 560 | I1: 620 | J1: 665 | K1: 673.5 | L1: 681.25 | M1: 708.75 | N1: 753.75 | O1: 761.25 | P1: 764.375 | Q1: 767.5 | R1: 778.75 | S1: 865 | T1: 885 | U1: 900
A2: Promissao_10_2021_Ponto_P01 | B2: Classe 1 | C2: 0.00081931583 | D2: 0.00088220377 | E2: 0.001389463 | F2: 0.00371308 | G2: 0.0050265968 | H2: 0.0092320604 | I2: 0.0045191223 | J2: 0.004181996 | K2: 0.0036748075 | L2: 0.0037584013 | M2: 0.0049434611 | N2: 0.0019350125 | O2: 0.0019897208 | P2: 0.0019542364 | Q2: 0.0019128506 | R2: 0.0020078989 | S2: 0.001406344 | T2: 0.0012620973 | U2: 0.0010520788 | W2: 3.3339576
A3: 22.878589 | B3: Classe 2 | C3: 0.0031636836 | D3: 0.0025793143 | E3: 0.0018630471 | F3: 0.0044247477 | G3: 0.0067431128 | H3: 0.014305593 | I3: 0.005443405 | J3: 0.0049806658 | K3: 0.0036740699 | L3: 0.0040997759 | M3: 0.017664196 | N3: 0.0071928161 | O3: 0.0077720868 | P3: 0.007667121 | Q3: 0.0073932445 | R3: 0.0076510007 | S3: 0.0027328136 | T3: 0.0018051066 | U3: 0.0013920087 | W3: 22.878589

Sheet S3B
B1: 400 | C1: 412.5 | D1: 442.5 | E1: 490 | F1: 510 | G1: 560 | H1: 620 | I1: 665 | J1: 673.5 | K1: 681.25 | L1: 708.75 | M1: 753.75 | N1: 761.25 | O1: 764.375 | P1: 767.5 | Q1: 778.75 | R1: 865 | S1: 885 | T1: 900
A2: Billings_07_21_Ponto_V08 | B2: 0.0038180371 | C2: 0.0037571058 | D2: 0.0038447685 | E2: 0.0057178663 | F2: 0.0070650587 | G2: 0.012511233 | H2: 0.0072915021 | I2: 0.0058370571 | J2: 0.005224694 | K2: 0.0052410884 | L2: 0.0053668536 | M2: 0.0015327631 | N2: 0.0015906603 | O2: 0.0015464808 | P2: 0.0014816842 | Q2: 0.0014994225 | R2: 0.00081396543 | S2: 0.00070367585 | T2: 0.0006379792
A3: Billings_08_21_Ponto_19 | B3: 0.0048490516 | C3: 0.004771548 | D3: 0.0047598901 | E3: 0.0054871529 | F3: 0.0065707894 | G3: 0.011117561 | H3: 0.0060170861 | I3: 0.0036200128 | J3: 0.0033536728 | K3: 0.0034671297 | L3: 0.0031035009 | M3: 0.0010064787 | N3: 0.0010206796 | O3: 0.00098612125 | P3: 0.00094876017 | Q3: 0.00094222058 | R3: 0.00054083805 | S3: 0.00047638657 | T3: 0.00043635133
A4: Billings_09_21_Ponto_01 | B4: 0.0023043156 | C4: 0.0023675339 | D4: 0.0027254163 | E4: 0.0035660894 | F4: 0.0041133383 | G4: 0.0056839524 | H4: 0.0035557578 | I4: 0.0026044741 | J4: 0.0024793124 | K4: 0.0024721505 | L4: 0.0018105353 | M4: 0.00066517721 | N4: 0.00069313517 | O4: 0.00067303103 | P4: 0.00064663166 | Q4: 0.00063904554 | R4: 0.0003792306 | S4: 0.00032901693 | T4: 0.00029652237
A5: Billings_07_21_Ponto_T4P2 | B5: 0.0039467044 | C5: 0.0038934013 | D5: 0.0039838208 | E5: 0.0052835634 | F5: 0.0061742153 | G5: 0.0095256759 | H5: 0.006154525 | I5: 0.0051284255 | J5: 0.0047233677 | K5: 0.0047842817 | L5: 0.0047161357 | M5: 0.001734246 | N5: 0.0017953124 | O5: 0.0017469663 | P5: 0.0016818054 | Q5: 0.0016946436 | R5: 0.0010921296 | S5: 0.0009825212 | T5: 0.00090453764
A6: Billings_10_21_Ponto_01 | B6: 0.0020648268 | C6: 0.0020861416 | D6: 0.0023446168 | E6: 0.0030600382 | F6: 0.003513253 | G6: 0.0056122419 | H6: 0.0035677364 | I6: 0.0025464841 | J6: 0.0024160492 | K6: 0.0025194398 | L6: 0.0026249789 | M6: 0.00072535284 | N6: 0.00074755499 | O6: 0.00073021805 | P6: 0.00070374465 | Q6: 0.00071252801 | R6: 0.00038291368 | S6: 0.00032861402 | T6: 0.00029581626
A7: Promissao_10_2021_Ponto_P09 | B7: 0.00098222783 | C7: 0.0010758746 | D7: 0.0016579079 | E7: 0.003907722 | F7: 0.0051877133 | G7: 0.0095729668 | H7: 0.0050398145 | I7: 0.0046886449 | J7: 0.0042518094 | K7: 0.0042891046 | L7: 0.0051892125 | M7: 0.002584753 | N7: 0.0025475404 | O7: 0.0025146444 | P7: 0.0025146562 | Q7: 0.0027099857 | R7: 0.002275522 | S7: 0.0020880266 | T7: 0.0016455677
A8: Billings_07_21_Ponto_T5P2 | B8: 0.0038199543 | C8: 0.0037291545 | D8: 0.0037576822 | E8: 0.0054860154 | F8: 0.0067436531 | G8: 0.011951668 | H8: 0.0069847353 | I8: 0.0055666157 | J8: 0.0049761044 | K8: 0.0050384555 | L8: 0.0054808512 | M8: 0.0015132806 | N8: 0.0015633587 | O8: 0.0015162745 | P8: 0.0014554698 | Q8: 0.0014694913 | R8: 0.00073003575 | S8: 0.00060169139 | T8: 0.00053697467
A9: Billings_07_21_Ponto_T6P1 | B9: 0.0047514642 | C9: 0.0046677098 | D9: 0.0046746098 | E9: 0.0062461439 | F9: 0.0074067958 | G9: 0.012373772 | H9: 0.0075379998 | I9: 0.0061783748 | J9: 0.0055947493 | K9: 0.0055965826 | L9: 0.0057951521 | M9: 0.0022840578 | N9: 0.0024133462 | O9: 0.0023585026 | P9: 0.0022530646 | Q9: 0.0022466033 | R9: 0.0015694761 | S9: 0.0014482675 | T9: 0.0013977665
A10: Billings_07_21_Ponto_12 | B10: 0.0021901187 | C10: 0.002181594 | D10: 0.0026157315 | E10: 0.0046067562 | F10: 0.0059410686 | G10: 0.010644876 | H10: 0.0060489226 | I10: 0.0051017849 | J10: 0.0044173868 | K10: 0.0045230418 | L10: 0.0067832748 | M10: 0.0023986922 | N10: 0.0024764978 | O10: 0.0024184227 | P10: 0.002339572 | Q10: 0.0023907142 | R10: 0.0012300656 | S10: 0.0010062806 | T10: 0.000894164
A11: Billings_09_21_Ponto_06 | B11: 0.002423978 | C11: 0.0024905189 | D11: 0.0028152046 | E11: 0.0034661497 | F11: 0.0039295219 | G11: 0.0058892005 | H11: 0.0045022249 | I11: 0.0033814964 | J11: 0.0032019822 | K11: 0.0032018095 | L11: 0.0026487406 | M11: 0.00089459723 | N11: 0.00092791251 | O11: 0.00090601873 | P11: 0.00087207853 | Q11: 0.00087300564 | R11: 0.00049517717 | S11: 0.0004281004 | T11: 0.0003822661
A12: Billings_09_21_Ponto_19 | B12: 0.0028210512 | C12: 0.0028943701 | D12: 0.0032093558 | E12: 0.0038721163 | F12: 0.0043526489 | G12: 0.0068706014 | H12: 0.005525207 | I12: 0.0038156643 | J12: 0.003617128 | K12: 0.0038378618 | L12: 0.0055527484 | M12: 0.00187406 | N12: 0.001969506 | O12: 0.0019214578 | P12: 0.0018407917 | Q12: 0.0018456153 | R12: 0.0011546911 | S12: 0.0010349751 | T12: 0.0009800919
A13: Billings_08_21_Ponto_10 | B13: 0.005817079 | C13: 0.0056273538 | D13: 0.0055620283 | E13: 0.0071335363 | F13: 0.0082885123 | G13: 0.013000562 | H13: 0.0078844812 | I13: 0.0063927203 | J13: 0.0057640749 | K13: 0.0058120199 | L13: 0.0063639534 | M13: 0.0021664241 | N13: 0.0022043979 | O13: 0.0021473416 | P13: 0.0020801605 | Q13: 0.0020988327 | R13: 0.001168431 | S13: 0.0010067401 | T13: 0.0009136697
... A154: Billings_12_21_Ponto_12 | B154: 0.007724497 | C154: 0.0061925941 | D154: 0.0045489206 | E154: 0.0094183284 | F154: 0.013855229 | G154: 0.030094781 | H154: 0.010684818 | I154: 0.0095097043 | J154: 0.0071224527 | K154: 0.0076948231 | L154: 0.050248481 | M154: 0.06147036 | N154: 0.063983695 | O154: 0.063149593 | P154: 0.061795755 | Q154: 0.062887779 | R154: 0.043550783 | S154: 0.0391578 | T154: 0.036634798

Sheet dif
B1: 400 | C1: 412.5 | D1: 442.5 | E1: 490 | F1: 510 | G1: 560 | H1: 620 | I1: 665 | J1: 673.5 | K1: 681.25 | L1: 708.75 | M1: 753.75 | N1: 761.25 | O1: 764.375 | P1: 767.5 | Q1: 778.75 | R1: 865 | S1: 885 | T1: 900
A2: Billings_07_21_Ponto_V08 | B2: =ABS(S3A!C2-S3B!B2) -> 8.1121686e-08 | C2: =ABS(S3A!D2-S3B!C2) -> 1.1510263e-06 | D2: =ABS(S3A!E2-S3B!D2) -> 7.6577624e-07 | E2: =ABS(S3A!F2-S3B!E2) -> 4.3016488e-06 | F2: =ABS(S3A!G2-S3B!F2) -> 5.2152289e-06 | G2: =ABS(S3A!H2-S3B!G2) -> 3.5133372e-06 | H2: =ABS(S3A!I2-S3B!H2) -> 5.0581609e-06 | I2: =ABS(S3A!J2-S3B!I2) -> 1.3842942e-05 | ... T2: =ABS(S3A!U2-S3B!T2) -> 4.5762475e-07
A3: Billings_08_21_Ponto_19 | B3: =ABS(S3A!C3-S3B!B3) -> 2.0584855e-07 | C3: =ABS(S3A!D3-S3B!C3) -> 1.170428e-06 | D3: =ABS(S3A!E3-S3B!D3) -> 3.9510128e-07 | E3: =ABS(S3A!F3-S3B!E3) -> 2.0922183e-06 | F3: =ABS(S3A!G3-S3B!F3) -> 5.5534475e-06 | G3: =ABS(S3A!H3-S3B!G3) -> 4.1996634e-06 | H3: =ABS(S3A!I3-S3B!H3) -> 5.4726245e-06 | I3: =ABS(S3A!J3-S3B!I3) -> 8.1574842e-06 | ... T3: =ABS(S3A!U3-S3B!T3) -> 1.533783e-07
A4: Billings_09_21_Ponto_01 | B4: =ABS(S3A!C4-S3B!B4) -> 1.621928e-07 | C4: =ABS(S3A!D4-S3B!C4) -> 6.2115966e-07 | D4: =ABS(S3A!E4-S3B!D4) -> 4.0685346e-07 | E4: =ABS(S3A!F4-S3B!E4) -> 1.6471828e-06 | F4: =ABS(S3A!G4-S3B!F4) -> 2.4420201e-06 | G4: =ABS(S3A!H4-S3B!G4) -> 1.2209343e-06 | H4: =ABS(S3A!I4-S3B!H4) -> 2.037615e-06 | I4: =ABS(S3A!J4-S3B!I4) -> 3.4520701e-06 | ... T4: =ABS(S3A!U4-S3B!T4) -> 2.0782465e-07
A5: Billings_07_21_Ponto_T4P2 | B5: =ABS(S3A!C5-S3B!B5) -> 8.8611027e-08 | C5: =ABS(S3A!D5-S3B!C5) -> 1.0012228e-06 | D5: =ABS(S3A!E5-S3B!D5) -> 5.6378616e-07 | E5: =ABS(S3A!F5-S3B!E5) -> 2.3956739e-06 | F5: =ABS(S3A!G5-S3B!F5) -> 4.0468299e-06 | G5: =ABS(S3A!H5-S3B!G5) -> 2.2959035e-06 | H5: =ABS(S3A!I5-S3B!H5) -> 3.4695539e-06 | I5: =ABS(S3A!J5-S3B!I5) -> 9.7624314e-06 | ... T5: =ABS(S3A!U5-S3B!T5) -> 2.3855967e-07
A6: Billings_10_21_Ponto_01 | B6: =ABS(S3A!C6-S3B!B6) -> 1.9843439e-08 | C6: =ABS(S3A!D6-S3B!C6) -> 1.958434e-07 | D6: =ABS(S3A!E6-S3B!D6) -> 3.6207642e-07 | E6: =ABS(S3A!F6-S3B!E6) -> 1.08448e-06 | F6: =ABS(S3A!G6-S3B!F6) -> 2.321284e-06 | G6: =ABS(S3A!H6-S3B!G6) -> 3.0538875e-06 | H6: =ABS(S3A!I6-S3B!H6) -> 2.9082212e-06 | I6: =ABS(S3A!J6-S3B!I6) -> 4.3762453e-06 | ... T6: =ABS(S3A!U6-S3B!T6) -> 1.2096214e-07
A7: Promissao_10_2021_Ponto_P09 | B7: =ABS(S3A!C7-S3B!B7) -> 3.9847857e-07 | C7: =ABS(S3A!D7-S3B!C7) -> 6.0804726e-07 | D7: =ABS(S3A!E7-S3B!D7) -> 1.0255536e-06 | E7: =ABS(S3A!F7-S3B!E7) -> 2.9653916e-06 | F7: =ABS(S3A!G7-S3B!F7) -> 6.7978495e-06 | G7: =ABS(S3A!H7-S3B!G7) -> 9.1560688e-07 | H7: =ABS(S3A!I7-S3B!H7) -> 2.881472e-06 | I7: =ABS(S3A!J7-S3B!I7) -> 9.9138197e-06 | ... T7: =ABS(S3A!U7-S3B!T7) -> 4.6434551e-06
A8: Billings_07_21_Ponto_T5P2 | B8: =ABS(S3A!C8-S3B!B8) -> 1.8840593e-07 | C8: =ABS(S3A!D8-S3B!C8) -> 1.4268703e-06 | D8: =ABS(S3A!E8-S3B!D8) -> 7.2520275e-07 | E8: =ABS(S3A!F8-S3B!E8) -> 3.8156086e-06 | F8: =ABS(S3A!G8-S3B!F8) -> 4.9689282e-06 | G8: =ABS(S3A!H8-S3B!G8) -> 3.5913461e-06 | H8: =ABS(S3A!I8-S3B!H8) -> 5.0683107e-06 | I8: =ABS(S3A!J8-S3B!I8) -> 1.3751336e-05 | ... T8: =ABS(S3A!U8-S3B!T8) -> 2.0900224e-07
A9: Billings_07_21_Ponto_T6P1 | B9: =ABS(S3A!C9-S3B!B9) -> 1.1231326e-07 | C9: =ABS(S3A!D9-S3B!C9) -> 1.5118427e-06 | D9: =ABS(S3A!E9-S3B!D9) -> 6.6798274e-07 | E9: =ABS(S3A!F9-S3B!E9) -> 3.3984151e-06 | F9: =ABS(S3A!G9-S3B!F9) -> 4.7085055e-06 | G9: =ABS(S3A!H9-S3B!G9) -> 3.1467892e-06 | H9: =ABS(S3A!I9-S3B!H9) -> 4.8119405e-06 | I9: =ABS(S3A!J9-S3B!I9) -> 1.3156371e-05 | ... T9: =ABS(S3A!U9-S3B!T9) -> 4.3212742e-07
A10: Billings_07_21_Ponto_12 | B10: =ABS(S3A!C10-S3B!B10) -> 8.729265e-09 | C10: =ABS(S3A!D10-S3B!C10) -> 1.3169898e-07 | D10: =ABS(S3A!E10-S3B!D10) -> 8.6728897e-07 | E10: =ABS(S3A!F10-S3B!E10) -> 3.2535522e-06 | F10: =ABS(S3A!G10-S3B!F10) -> 6.9548904e-06 | G10: =ABS(S3A!H10-S3B!G10) -> 1.68619e-07 | H10: =ABS(S3A!I10-S3B!H10) -> 3.1571812e-06 | I10: =ABS(S3A!J10-S3B!I10) -> 1.5410648e-05 | ... T10: =ABS(S3A!U10-S3B!T10) -> 7.7243418e-07
A11: Billings_09_21_Ponto_06 | B11: =ABS(S3A!C11-S3B!B11) -> 1.999022e-07 | C11: =ABS(S3A!D11-S3B!C11) -> 5.6740732e-07 | D11: =ABS(S3A!E11-S3B!D11) -> 3.496604e-07 | E11: =ABS(S3A!F11-S3B!E11) -> 1.3229499e-06 | F11: =ABS(S3A!G11-S3B!F11) -> 2.134154e-06 | G11: =ABS(S3A!H11-S3B!G11) -> 3.1577212e-06 | H11: =ABS(S3A!I11-S3B!H11) -> 2.2670254e-06 | I11: =ABS(S3A!J11-S3B!I11) -> 4.8790561e-06 | ... T11: =ABS(S3A!U11-S3B!T11) -> 1.6778473e-07
A12: Billings_09_21_Ponto_19 | B12: =ABS(S3A!C12-S3B!B12) -> 2.1643732e-07 | C12: =ABS(S3A!D12-S3B!C12) -> 6.8544632e-07 | D12: =ABS(S3A!E12-S3B!D12) -> 3.3865531e-07 | E12: =ABS(S3A!F12-S3B!E12) -> 8.9090341e-07 | F12: =ABS(S3A!G12-S3B!F12) -> 2.4666342e-06 | G12: =ABS(S3A!H12-S3B!G12) -> 5.1729299e-06 | H12: =ABS(S3A!I12-S3B!H12) -> 4.613101e-06 | I12: =ABS(S3A!J12-S3B!I12) -> 7.2238178e-06 | ... T12: =ABS(S3A!U12-S3B!T12) -> 8.4557069e-08
A13: Billings_08_21_Ponto_10 | B13: =ABS(S3A!C13-S3B!B13) -> 5.276714e-07 | C13: =ABS(S3A!D13-S3B!C13) -> 2.4928252e-06 | D13: =ABS(S3A!E13-S3B!D13) -> 6.9159252e-07 | E13: =ABS(S3A!F13-S3B!E13) -> 2.9125484e-06 | F13: =ABS(S3A!G13-S3B!F13) -> 5.5986084e-06 | G13: =ABS(S3A!H13-S3B!G13) -> 2.2653146e-06 | H13: =ABS(S3A!I13-S3B!H13) -> 4.976287e-06 | I13: =ABS(S3A!J13-S3B!I13) -> 1.4355079e-05 | ... T13: =ABS(S3A!U13-S3B!T13) -> 3.5271619e-07
... A154: Billings_12_21_Ponto_12 | B154: =ABS(S3A!C154-S3B!B154) -> 5.1481969e-06 | C154: =ABS(S3A!D154-S3B!C154) -> 1.6303633e-05 | D154: =ABS(S3A!E154-S3B!D154) -> 1.8317824e-06 | E154: =ABS(S3A!F154-S3B!E154) -> 4.5017231e-06 | F154: =ABS(S3A!G154-S3B!F154) -> 2.837809e-05 | G154: =ABS(S3A!H154-S3B!G154) -> 3.4472845e-05 | H154: =ABS(S3A!I154-S3B!H154) -> 1.0158588e-05 | I154: =ABS(S3A!J154-S3B!I154) -> 5.1483404e-05 | ... T154: =ABS(S3A!U154-S3B!T154) -> 1.3059145e-05
